ID,APP,CID,PARAMETERS,DELAY,CONTENT,TRIGGERS
1,Chat,Basti,msg,0,"Heey, hat alles geklappt?[[example.ogv]]",2
2,Chat,Basti,rsp,,"Ja, bin drin. Sehe aber noch keine AuftrÃ¤ge",3
3,Chat,Basti,msg,,"Aaaah right, ich muss dich noch freischalten.",4
4,Chat,Basti,rsp,,ok,"5,6"
5,Chat,Basti,rsp,,sehe noch nichts,7
6,Chat,Basti,rsp,,hast du?,7
7,Chat,Basti,msg,,aah sorry ðŸ˜…,8
8,Chat,Basti,msg,,"bin grad noch ingame. aber scheiÃŸ drauf, ich mach das jetzt kurz",9
9,Chat,Basti,msg,,team muss kurz ohne mich klar kommen,"10,11"
10,Chat,Basti,rsp,,danke!,15
11,Chat,Basti,rsp,,endlich ðŸ˜,12
12,Chat,Basti,msg,,"haha, du bist ja schon richtig heiÃŸ was ?? Du weiÃŸt nicht was dich erwartet ðŸ˜¬",13
13,Chat,Basti,rsp,,So schlimm? ðŸ˜³,14
14,Chat,Basti,msg,,Du hast keine Ahnung. Aber siehst du gleich,15
15,Chat,Basti,msg,,"ok, ich geh in den manager und schalte dich frei",16
16,Chat,Basti,rsp,,"Danke Ã¼brigens nochmal, dass du mir den Job besorgt hast ðŸ™ðŸ™",17
17,Chat,Basti,msg,,kein ding ðŸ˜Ž,18
18,Chat,Basti,rsp,,FÃ¼r mich schon. Ohne Job.. wÃ¼rd ich jetzt unter der BrÃ¼cke wohnen oder so ðŸ˜¬,19
19,Chat,Basti,msg,,das lass ich doch nicht zu! ich brauch doch meine team mates. auÃŸerdem.. wie lange kenn wir uns schon?,20
20,Chat,Basti,rsp,,mhhh zwei Jahre? Aber halt nur aus cs.,21
21,Chat,Basti,msg,,?,"22,23"
22,Chat,Basti,rsp,,"Ich meine.. ist ja nicht selbstverstÃ¤ndlich, wenn man sich nur online kennt ðŸ˜…",24
23,Chat,Basti,rsp,,"Wir haben uns ja noch nie ""richtig"" gesehen und du hilfst mir einfach so",24
24,Chat,Basti,msg,,is doch genauso real wie drauÃŸen auf der strasse,25
25,Chat,Basti,msg,,ich kenn dich sogar besser als die meisten von der strasse ðŸ˜‚ðŸ˜‚,"26,27"
26,Chat,Basti,rsp,,Stimmt auch wieder,28
27,Chat,Basti,rsp,,ðŸ˜…,28
28,Chat,Basti,msg,,"ok, hab dich freigeschaltet",29
29,Chat,Basti,msg,,leite dir einen report weiter. aber noch nix anklicken pls,m0
m0,Mod,StaatsWatch,1,,Nie vergessen: Der Holocaust ist wie die Mondlandung. FREI ERFUNDEN!! #WachsamBleiben,"t28,t32,t0"
t0,Chat,Basti,rsp,,Ist da! Aufregend ðŸ˜±,t1
t1,Chat,Basti,msg,,NIX ANKLICKEN!,"t2,t3"
t2,Chat,Basti,rsp,,Okay,t4
t3,Chat,Basti,rsp,,"Jo, erklÃ¤r erstmal",t4
t4,Chat,Basti,msg,,alrighty dann machen wir erstmal basics,t5
t5,Chat,Basti,msg,,"alsooo.. als erstes musst du gucken, ob es ein verstoÃŸ Ã¼berhaupt ist. Da hast du die Guidelines als PDF bekommen","t6,t7"
t6,Chat,Basti,rsp,,Hab ich offen,t8
t7,Chat,Basti,rsp,,Warte.. hab ich irgendwo auf dem Desktop.. ðŸ˜µ,t8
t8,Chat,Basti,msg,,"Gut, die brauchst du gleich",t9
t9,Chat,Basti,msg,,Was steht denn in dem Post?,t10
t10,Chat,Basti,rsp,,Irgendwas mit Holocaust..,t11
t11,Chat,Basti,msg,,"ohhhh, das ist schon mal nich so gut.. was genau?","t12,t13"
t12,Chat,Basti,rsp,,Dass der Holocaust ein Fake istâ€¦,t14
t13,Chat,Basti,rsp,,Dass Holocaust und die Mondlandung nur ausgedacht sind,t14
t14,Chat,Basti,msg,,"ok, der is einfach ^^ schau mal in den Guide","t15,t17"
t15,Chat,Basti,rsp,,"Da steht, es ist verboten, den Holocaust einfach zu leugnen",t16
t16,Chat,Basti,msg,,yess.. in Deutschland ist das eine STRAFTAT.. darf also nicht stehenbleiben,t19
t17,Chat,Basti,rsp,,Das ist Holocaustleugnung. In Deutschland ist das eine Straftat,t18
t18,Chat,Basti,msg,,"genau!! Mega du kennst dich ja voll aus. Hab echt den richtigen hier angeschleppt, haha^^",t19
t19,Chat,Basti,rsp,,Danke ðŸ™‚,t20
t20,Chat,Basti,msg,,jetzt musst du handeln,t21
t21,Chat,Basti,rsp,,Dann wÃ¼rde ich den Post lÃ¶schen,t22
t22,Chat,Basti,msg,,"jo, genau richtig",t23
t23,Chat,Basti,rsp,,"Verstanden, danke!",t27
t28,Chat,Basti,"rsp,ovr",,"Oh Mist, hab versehentlich auf ""Kein VerstoÃŸ"" geklickt",t29
t29,Chat,Basti,msg,,"oha, da musst du aufpassen. aber no prob, ich fixe das kurz",t30
t30,Chat,Basti,msg,,uuuund gelÃ¶scht,t31
t31,Chat,Basti,msg,,nÃ¤chstes mal aber besser aufpassen!,t40
t32,Chat,Basti,"rsp,ovr",,Habe den Post gelÃ¶scht,t33
t33,Chat,Basti,msg,,absolut richtig aus meiner sicht! du bist ja schon Profi!? ðŸ˜,t34
t34,Chat,Basti,rsp,,"Haha, danke!",t40
t39,Chat,Basti,rsp,,Gut ðŸ™‚,t40
t40,Chat,Basti,msg,,daaaann.. wÃ¼rde sagen du bist good to go!,t41
t41,Chat,Basti,msg,,ich geh zurÃ¼ck ins game,t42
t42,Chat,Basti,msg,,noch bissi MMR grinden,"t43,t44"
t43,Chat,Basti,rsp,,"Okay, have fun!",t45
t44,Chat,Basti,rsp,,"Warteee! Was ist, wenn ich Hilfe brauche?",t45
t45,Chat,Basti,msg,,"wenn du noch fragen hast, schreib mir einfach ^^ bin ja hier","t46,t47"
t46,Chat,Basti,rsp,,Super! Danke dir!,"d1,m1a,m1b,m1c"
t47,Chat,Basti,rsp,,Ich melde mich!,"d1,m1a,m1b,m1c"
m1a,Mod,Checker24,0,,"Mein Bruder hat schon wieder meinen PS5-Controller mitgenommen. Wenn er nachhause kommt, bring ich ihn 100 pro um!",
m1b,Mod,Bruno88,1,,"SIEG HEIL! (is nur SpaÃŸ, chillt mal)",
m1c,Mod,Befreiungsschlag,1,,Deutschland den Deutschen! âš¡âš¡,
d1,Chat,Doro,msg,,"Heeeey, wie lÃ¤uft der neue Job? Hast du schon angefangen?","d2,d3,d4"
d2,Chat,Doro,rsp,,Hey!,d5
d3,Chat,Doro,rsp,,Huhu Doro!,d5
d4,Chat,Doro,rsp,,Na du Nachteule!,d5
d5,Chat,Doro,rsp,,"Ja, erste Nacht heute! Aber war noch nicht viel los","d6,m2"
m2,Mod,Kai-Uwe69,,,"tausche arbeitsscheuen, inkompetenten Sesselfurzer gegen Affen. Wette der schmeiÃŸt mit weniger ScheiÃŸe um sich als mein Chef",
d6,Chat,Doro,msg,,"Trotzdem krass, finde ich.",d7
d7,Chat,Doro,msg,,KÃ¶nnte das nicht. Da liest man doch bestimmt richtig viel scheiÃŸ?,"d8,m3"
d8,Chat,Doro,rsp,,"sry, kommt grad was rein. Moment!",d9
m3,Mod,Andrew Business,0,,"Wenn ihr noch alte Dildos etc habt, einfach bei @LaserLilly abgeben, die kann sowas gebrauchen. Am Hain 3, klingeln bei Lander",
d9,Chat,Doro,msg,,"Alles gut, will eh auf ne Party. Viel SpaÃŸ dir!",d10
d10,Chat,Doro,msg,,Oder eher viel Kraft?,d11
d11,Chat,Doro,msg,,ErzÃ¤hl nachher gerne mehr!!,d12
d12,Chat,Basti,msg,,"woooooah, was fÃ¼r ein bastard","d13,d14"
d13,Chat,Basti,rsp,,???,d15
d14,Chat,Basti,rsp,,Was ist los?,d15
d15,Chat,Basti,msg,,"ich komm um die ecke, der verpasst mir nen header",d16
d16,Chat,Basti,msg,,never mind.. wie lÃ¤ufts bei dir?,"d17,d18"
d17,Chat,Basti,rsp,,Da hat jemand eine Adresse einer anderen Person Ã¶ffentlich gepostet,d19
d18,Chat,Basti,rsp,,Hier kam grad ein Doxxing-Fall rein,d19
d19,Chat,Basti,msg,,mÃ¼ssen wir lÃ¶schen.. is klar,d20
d20,Chat,Basti,msg,,"ok, neue Runde... wish me luck",mk
mk,Mod,Kiwi Queen,1,,"XX = Frau
XY = Mann
Easy! ðŸ¥","-,-,k1"
k1,Chat,Basti,rsp,,"Hey, kurze Frage",k2
k2,Chat,Basti,rsp,,Hier ist so ein Post mit Chromosomen,k3
k3,Chat,Basti,rsp,,und Kiwis?,k4
k4,Chat,Basti,rsp,,"Hast du eine Ahnung, warum das gemeldet wurde?",k5
k5,Chat,Basti,rsp,,Basti? Bist du da?,k6
k6,Chat,Doro,msg,,Was bring ich zur WG-Party mit? Wein oder Bier?,"k7,k8,k9"
k7,Chat,Doro,rsp,,Wein,k9
k8,Chat,Doro,rsp,,Bier,k9
k9,Chat,Doro,rsp,,Doro.. du warst in der Schule doch gut in Bioâ€¦,k10
k10,Chat,Doro,msg,,"Joa, ging. Wieso?",k11
k11,Chat,Doro,rsp,,Also hier hat eine Userin so einen Post Ã¼ber Chromosomen gemacht,k12
k12,Chat,Doro,msg,,Und was willst du wissen?,k13
k13,Chat,Doro,rsp,,"Ich verstehe nicht, warum der gemeldet wurde",k14
k14,Chat,Doro,msg,,Hmm. Alsooo! Jeder Mensch hat 46 Chromosomen. Die bestehen aus DNA.. und da drin stecken wiederum alle unsere Gene (so ungefÃ¤hr),k15
k15,Chat,Doro,msg,,"Die Chromosomen bilden Paare. Und das letzte Paar in der Reihe ist entweder ein XX-Paar oder ein XY-Paar. Nennt man so, weil die unterm Mikroskop so aussehen ðŸ˜",k16
k16,Chat,Doro,msg,,"So ein XX-Paar ist der Bauplan fÃ¼r eine ""biologische"" Frau",k17
k17,Chat,Doro,msg,,"Ein XY-Paar wÃ¼rden hingegen eine Entwicklung zu einem ""biologischen"" Mann anstoÃŸen",k18
k18,Chat,Doro,rsp,,Das verstehe ich. Aber wieso schreibst du biologisch? Und in AnfÃ¼hrungszeichen?,k19
k19,Chat,Doro,msg,,Da mÃ¼sste ich etwas ausholen... Wie viel Zeit hast? ðŸ˜‚,"k20,k21"
k20,Chat,Doro,rsp,,Was wÃ¤r so die Kurzfassung?,k22
k21,Chat,Doro,rsp,,Eigentlich die ganze Nachtâ€¦,k22
k22,Chat,Doro,msg,,"Das schreibe ich so, weil Geschlecht im Endeffekt nicht nur von Chromosomen oder unserer Biologie bestimmt wird",k23
k23,Chat,Doro,msg,,"Manchmal kann es passieren, dass unser DNA-Bauplan nicht richtig befolgt wird.. und dann entwickelt sich ein mensch doch anders als drin steht.. sozusagen ",k24
k24,Chat,Doro,rsp,,"Du meinst, da steht zum Beispiel XY drin, aber jemand wird trotzdem eine Frau?",k25
k25,Chat,Doro,msg,,Genau! Sozusagen.,"k26,mk1"
mk1,Mod,PeaceLover,0,,"Hoffentlich sterben alle LÃ¤nder aus, die Kriege anfangen. Sie haben es verdient.",
k26,Chat,Doro,msg,,"Es ist ja auch so: wenn du geboren wirst, macht man normalerweise keinen Gentest, um dein Geschlecht zu bestimmen.",k27
k27,Chat,Doro,rsp,,Wie machen die das dann?,k28
k28,Chat,Doro,msg,,Was glaubst du? ðŸ˜,"k29,k30"
k29,Chat,Doro,rsp,,Was weiÃŸ ich! Ich bin ja kein Arzt!,k31
k30,Chat,Doro,rsp,,Irgendwas mit Blut abnehmen?,k31
k31,Chat,Doro,msg,,Einfacher als du denkst,k32
k32,Chat,Doro,msg,,Der Arzt ODER DIE Ã„RZTIN(!) schaut einfach mal zwischen den Beinen nach ðŸ˜…,k33
k33,Chat,Doro,rsp,,"Okay, darauf hÃ¤tte ich kommen kÃ¶nnen..",k34
k34,Chat,Doro,msg,,HÃ¤ttest du,k35
k35,Chat,Doro,msg,,Das ist aber nicht alles. Geschlecht ist nicht nur Biologie. Es gibt zum Beispiel auch ein soziales Geschlecht,k36
k36,Chat,Doro,rsp,,Sozial?,k37
k37,Chat,Doro,msg,,"Denk mal so: Wenn du drauÃŸen jemanden siehst, wie woher weiÃŸt du dann, ob es ein Mann oder eine Frau ist?",k38
k38,Chat,Doro,msg,,Du schaust den Leuten ja nicht zwischen die Beine wie man das bei Babys macht,k39
k39,Chat,Doro,msg,,HOFFE ICH MAL,"k40,k41"
k40,Chat,Doro,rsp,,Was denkst du von mir?,k42
k41,Chat,Doro,rsp,,NatÃ¼rlich nicht!,k42
k42,Chat,Doro,rsp,,Aber hast schon irgendwie Recht mit der Frage.. woran erkenn ich das? hmmmm,"k43a,k43b,mk2"
mk2,Mod,GameJammer2024,0,,"Bin grad mit dem Dingden am Hamminkeln, wenn ihr versteht was ich meine!",
k43a,Chat,Doro,rsp,,Ich seh das einfach..? Ohne drÃ¼ber nachzudenken,k44a
k44a,Chat,Doro,msg,,"Ja! Du bekommst unbewusst mit, wie Leute sich verhalten, anziehen, reden... (und nicht was die in ihrer Hose haben)","k45a,k45b"
k43b,Chat,Doro,rsp,,"Haare, Kleidung und wie sich die Leute verhalten?",k44b
k44b,Chat,Doro,msg,,"Genau! :D Und das ist eben was ""sozial"" meint. Nicht in den Genen oder in der Hose. Sondern wie man sich gibt","k45a,k45b"
k45a,Chat,Doro,rsp,,"HeiÃŸt das, wer trans ist, der gibt sich nur anders? Sozial?",k46
k45b,Chat,Doro,rsp,,"Moment! Kommt es nicht auch darauf an, wie man sich innerlich fÃ¼hlt? Als Mann oder Frau?",k61
k46,Chat,Doro,msg,,NEIN,k47
k47,Chat,Doro,msg,,"Da geht's mehr um deine innere Ãœberzeugung, welchem Geschlecht du angehÃ¶rst.",k48
k48,Chat,Doro,msg,,Du fÃ¼hlst es einfach.. tief in dir drinnen,k49
k49,Chat,Doro,msg,,Oder?,"k50a,k50b"
k50a,Chat,Doro,rsp,,"Stimmt. Bei mir selbst fÃ¼hle ich das auch, wenn ich in mich gehe",k51
k50b,Chat,Doro,rsp,,Schon.. aber bei mir selber kann ich ja in der Hose nachgucken ðŸ˜…,k56
k51,Chat,Doro,msg,,"Das nennt man dann ""GeschlechtsidentitÃ¤t"". Das kam aber nicht mehr in Bio dran, das hab ich online gelesen",k52
k52,Chat,Doro,msg,,"Einige Menschen haben ein inneres GefÃ¼hl, das nicht zu dem passt, was der Arzt (oder die Ã„rztin) am Anfang mal aufgeschrieben hat",k53
k53,Chat,Doro,rsp,,"Und das ist dann, was trans meint?",k54
k54,Chat,Doro,msg,,"Mit welchen Begriffen Menschen sich identifizieren, ist unterschiedlich. Aber ich wÃ¼rd sagen ja.",k55
k55,Chat,Doro,rsp,,"Ergibt Sinn. Danke, Doro ðŸ™‚",k63
k56,Chat,Doro,msg,,"Okay...  ðŸ˜… aber das sagst du vermutlich, weil das mit deiner Vorstellung von dir selbst Ã¼bereinstimmt, oder?","k57a,k57b"
k57a,Chat,Doro,rsp,,Ã„h..,k58
k57b,Chat,Doro,rsp,,Ja..,k60
k58,Chat,Doro,msg,,"Alles gut, musst nix sagen ðŸ˜…",k59
k59,Chat,Doro,msg,,Jedenfalls..,k60
k60,Chat,Doro,msg,,"Wenn das GefÃ¼hl zu allem anderen passt, fÃ¤llt es einem kaum auf. ABER...",k52
k61,Chat,Doro,msg,,Oder WEDER als Mann NOCH als Frau!!,k62
k62,Chat,Doro,msg,,Anonsten: ja.,k51
k63,Chat,Doro,msg,,"Sorry, jetzt sind wir voll abgeschweift. Was wolltest du nochmal?",k64
k64,Chat,Doro,rsp,,"Wollte wissen, warum so ein Post gemeldet wurde. Da sind auch noch Kiwis? Bin irgendwie lost",k65
k65,Chat,Doro,msg,,"Aaaaah, JETZT verstehe ich.",k66
k66,Chat,Doro,msg,,Sag das doch gleich!,"k67a,k67b"
k67a,Chat,Doro,rsp,,"Moment, das ergibt Sinn fÃ¼r dich?",k68
k67b,Chat,Doro,rsp,,Bitte sag mir was los ist!,k68
k68,Chat,Doro,msg,,Kiwis sind so ein geheimes Erkennungsmerkmal fÃ¼r bestimmte Leute,"k69a,k69b"
k69a,Chat,Doro,rsp,,Erkennungsmerkmal wofÃ¼r?,k70
k69b,Chat,Doro,rsp,,Was denn fÃ¼r Leute?,k70
k70,Chat,Doro,msg,,"Das wird von Leuten genutzt, die gegen trans Menschen hetzen.",k71
k71,Chat,Doro,msg,,"Daran erkennen sie sich gegenseitig, ohne dass es direkt schreiben mÃ¼ssen",k72
k72,Chat,Doro,rsp,,Und warum eine Kiwi?,k73
k73,Chat,Doro,msg,,"Haha, aufpassen in Bio zahlt sich jetzt doppelt aus  ðŸ˜‚ ",k74
k74,Chat,Doro,msg,,Kiwi-Pflanzen lassen sich nÃ¤mlich sehr genau in zwei Geschlechter aufteilen,k75
k75,Chat,Doro,msg,,Und diese Leute sagen: Das gilt eben auch fÃ¼r Menschen,"k76a,k76b"
k76a,Chat,Doro,rsp,,Sprechen sie trans Menschen damit nicht ihre Existenz ab?,k77
k76b,Chat,Doro,rsp,,"HeiÃŸt, die meinen, dass es trans Menschen gar nicht geben kann?",k77
k77,Chat,Doro,msg,,genau das!,"k78a,k78b"
k78a,Chat,Doro,rsp,,Ist das dann nicht auch eine Form von Hatespeech?,k79
k78b,Chat,Doro,rsp,,Klingt schon irgendwie gemein,k79
k79,Chat,Doro,msg,,VOLL! Auf jeden Fall!,k80
k80,Chat,Doro,msg,,oooh shot,k81
k81,Chat,Doro,msg,,*shit,k82
k82,Chat,Doro,msg,,"muss los zur party! hoffe, ich konnt dir helfen!",k83
k83,Chat,Doro,rsp,,"Ja, du hast mega geholfen! Vielen Dank! Have fun auf der Party","k84,mk3"
mk3,Mod,Heimlandler,0,,Bald gibt's hier mehr FlÃ¼chtlinge als Deutsche. #MakeThemWork oder raus mit denen!!,
k84,Chat,Doro,msg,,Danke :),B1
B1,Chat,Basti,msg,,jo lÃ¤uft alles??,B2
B2,Chat,Basti,msg,,hab ein gutes gefÃ¼hl bei dir,"B3,B4"
B3,Chat,Basti,rsp,,Finde mich so langsam zurecht,B5
B4,Chat,Basti,rsp,,schon krass was manche leute so schreiben,B5
B5,Chat,Basti,msg,,lol,B6
B6,Chat,Basti,msg,,naja,B7
B7,Chat,Basti,msg,,is ja gut dass wir aufpassen ðŸ¦¸â€â™‚ï¸,"B8,B9"
B8,Chat,Basti,rsp,,"Haha, fÃ¼hlt sich schon echt gut an",B10a
B9,Chat,Basti,rsp,,jaaa wir sind BATMAN,B10
B10a,Chat,Basti,msg,,yess,"M2a,M4"
B10,Chat,Basti,msg,,nana nana nana nana ðŸ¦‡ðŸ‘¨,"M2a,M4"
M2a,Mod,kommunist56,0,,ehrliche arbeit zahlt sich ausâ“ am Arschâ—ï¸â—ï¸ wer heute noch eine Wohnung kriegen will muss kriminell werden ansonsten gibts nur ðŸ–• #dermarktregelt ,
M4,Mod,germanpepe_sus,1,,#solidwork von #gamergate wir wissen wo du wohnst @anitasarkeesian ðŸ’£ ihr kÃ¶nnt euch nicht vor eurer gerechten Bestrafung verstecken #beatupsarkeesian,"-,-,B11"
B11,Chat,Basti,msg,,oha,B12
B12,Chat,Basti,msg,,wusst nicht dass gamergate noch aktiv sind,"B13,B14"
B13,Chat,Basti,rsp,,verstehe den post nicht,B15
B14,Chat,Basti,rsp,,was soll gamergate sein??,B15
B15,Chat,Basti,msg,,gamergate ist ein hashtag der 2014 um die welt ging,B16
B16,Chat,Basti,msg,,ist im grunde eine hasskampagne gegen Frauen ðŸ¤¡,B17
B17,Chat,Basti,msg,,und alle die nicht dem nerdy gamertyp entsprechen,B18
B18,Chat,Basti,rsp,,"Oh, warum?",B19
B19,Chat,Basti,msg,,gamergater verstehn sich halt als underdogs,"B20,M2aa"
M2aa,Mod,ProudMami_2004,0,,#safethechildren Unsere Kinder werden von US-Influenzern manipuliert â—ï¸â—ï¸ TIKTOK VERBOT JETZT â—ï¸â—ï¸,
B20,Chat,Basti,msg,,verteidigen sich gegen den mainstream ,"B21,B22"
B21,Chat,Basti,rsp,,und wer ist anita sarkeesian?,B23
B22,Chat,Basti,rsp,,was bedeutet @anitasarkeesian,B23
B23,Chat,Basti,msg,,ist ein hauptfeind von gamergate,B24
B24,Chat,Basti,msg,,sie hat auf YouTube feministische Perspektiven zu Videospielen vorgestellt,B25
B25,Chat,Basti,msg,,Gamergate hat persÃ¶nliche Daten von ihr verÃ¶ffentlicht also Adresse und so,B26
B26,Chat,Basti,msg,,da wurde es halt schon gefÃ¤hrlich,B27
B27,Chat,Basti,rsp,,"Okay, thx",M2b
M2b,Mod,MANUP_2425,0,,wIR lEbn iN eINe sNOwFlAKes gEsELlscaHFt â„ï¸â„ï¸â„ï¸ mEINung JA Abr Nru gRAmaTICh KOReKt !! ðŸ¤¬,"-,-,C1"
C1,Chat,Basti,msg,,"yesss, grad ein paar noobs richtig abgezogen",C2
C2,Chat,Basti,rsp,,MÃ¼ssen uns mal treffen! Schulde dir einen Drink,C3
C3,Chat,Basti,msg,,meinst wegen dem job?,C4
C4,Chat,Basti,msg,,alles gut,"C5,C6"
C5,Chat,Basti,rsp,,"Nicht nur, geht auch um ein echtes Kennenlernen",C7
C6,Chat,Basti,rsp,,Gibt ja noch eine welt auÃŸerhalb von CS,C7
C7,Chat,Basti,msg,,schaun wir mal,M5
M5,Mod,UffWache,1,,WTF es gibt immer noch Leute die an COVID glauben â—ï¸â“ was eine ðŸ¤¡gesellschaft wo ist diese corona jetz?? die @regierung hat uns einfach alle verarscht ðŸ‘º #sadbuttrue,"-,-,C8a"
C8a,Chat,Basti,msg,,vielleicht ^^,C8
C8,Chat,Basti,rsp,,Der letzte Post war etwas zur Pandemie,C9
C9,Chat,Basti,msg,,ja un?,C10
C10,Chat,Basti,rsp,,FÃ¼r dich war Pandemie wie immer? Einfach CS zocken?,C11
C11,Chat,Basti,msg,,LOL,C12
C12,Chat,Basti,msg,,"ja, ich fand das mit covid nciht so schlimm",C13
C13,Chat,Basti,msg,,mit der clown gesellschaft hat er aber nicht ganz unrecht haha,"E1,M2c,M2d"
M2c,Mod,TwilightFan378,0,,"Harry Potter Fans sind zurÃ¼ckgebliebene Infantile... ich habe noch nie einen normalen Menschen erlebt, der gleichzeitig HP-Fan war. Passt halt nicht zusammen ðŸ¤·ðŸ¼",
M2d,Mod,BOT_666,1,,Treffe willige MÃ¼tter aus deiner Stadt. Sie sehnen sich nach ZÃ¤rtlichkeit. Einfach hier klicken und nie mehr alleine ðŸ†ðŸ’¦ â©â© XXX.copcom,
E1,Chat,Doro,msg,,bis du noch wach??,E2
E2,Chat,Doro,msg,,brauche dich mal kann meine freundin nicht erreichen,"E3,E4"
E3,Chat,Doro,rsp,,Jo.. Nachtschicht geht noch bis 6 Uhr,E5
E4,Chat,Doro,rsp,,"Jap, bin hier!",E5
E5,Chat,Doro,rsp,,Was ist los?,"E6,M2e"
M2e,Mod,BELIEVE_NS,0,,Einfach mal aufs Dach gegenÃ¼ber vom @BWZK hocken.. von da hat man sicher ein gutes sichtfeld #bullseye,
E6,Chat,Doro,msg,,mein taxifahrer ist komisch,E7
E7,Chat,Doro,msg,,fÃ¼hl mich gerade echt unwohl,"E8,E9"
E8,Chat,Doro,rsp,,schick mal deinen standort,E10
E9,Chat,Doro,rsp,,Hast du das nummernschild?,E11
E10,Chat,Doro,msg,,hab kein intrenet mehr,E12
E11,Chat,Doro,msg,,KLP 1027,E12
E12,Chat,Doro,rsp,,"Sag an, wenn du daheim bist",E13
E13,Chat,Doro,rsp,,KÃ¶nnen auch weiter schreiben,E14
E14,Chat,Doro,msg,,danke!,E15
E15,Chat,Doro,msg,,ðŸ¥°,E16
E16,Chat,Doro,msg,,der typ dreht sich die ganze zeit zu mir um,"E17,E18"
E17,Chat,Doro,rsp,,creepy,E19
E18,Chat,Doro,rsp,,pass auf dich auf,E19
E19,Chat,Doro,msg,,ich meld mich,"E20,M6"
M6,Mod,positivevibes_lifecoach,0,,ich kann die posts von den DEPPressiven nich mehr sehn!! sucht euch halt ne beschÃ¤ftigung glÃ¼cklichsein is ne einstellung!!,
E20,Chat,Basti,msg,,eingeschlafen??,E21
E21,Chat,Basti,msg,,da kam was rein,"E22,E23"
E22,Chat,Basti,rsp,,musste kurz was klÃ¤ren,E24
E23,Chat,Basti,rsp,,war abgelenkt,E24
E24,Chat,Basti,msg,,?,"E25,E26,E27"
E25,Chat,Basti,rsp,,Eine freundin brauchte Hilfe,E28
E26,Chat,Basti,rsp,,Mir hat ne freundin geschriebn,E28
E27,Chat,Basti,rsp,,Kurzer Geleitschutz fÃ¼r ne Freundin,E28
E28,Chat,Basti,msg,,ja nice!,E29
E29,Chat,Basti,msg,,sieht gut aus??,"E30,E31"
E30,Chat,Basti,rsp,,normal halt,E32
E31,Chat,Basti,rsp,,Wer? Doro?,E34
E32,Chat,Basti,msg,,wie heiÃŸt die denn,E33
E33,Chat,Basti,rsp,,Doro,E34
E34,Chat,Basti,msg,,"Doro, gut, hauptsache nicht Becky ðŸ˜† Kennst die irl?",E35
E35,Chat,Basti,rsp,,Ja schon lange,M8
M8,Mod,sun88,1,,einfach mal rausfinden wo der typ wohnt und alles fÃ¼r ihn klarmachen. muss ja nicht tot sein. wenn polizeih nich hilft ðŸ”ªðŸ©¸ #Justice,"-,-,I0"
I0,Chat,Basti,msg,,ok,"I1,I2,I3"
I1,Chat,Basti,rsp,,"grad kam einer rein, der sehr nach einer morddrohung klingt",I4
I2,Chat,Basti,rsp,,"wie gehe ich mit posts um, wo niemand konkret bedroht wird??",I4
I3,Chat,Basti,rsp,,wÃ¼rdest du die meldung grade als anstiftung zur gewalt lesen??,I4
I4,Chat,Basti,msg,,lol lol,I5
I5,Chat,Basti,msg,,wÃ¤re einfacher wenn jemand getaggt wÃ¤re ,I6
I6,Chat,Basti,msg,,hat zwar ordentlich was in der hose,I7
I7,Chat,Basti,msg,,bleibt abern depp,"I8,I9"
I8,Chat,Basti,rsp,,und wie geh ich jetz damit um?,I10
I9,Chat,Basti,rsp,,kk also einfach lÃ¶schen??,I10
I10,Chat,Basti,msg,,"jo, ist halt ein grenzfall",I11
I11,Chat,Basti,msg,,grad mit den emoticons wÃ¼rd ichs als Gewaltandrohung einschÃ¤tzen ,I12
I12,Chat,Basti,msg,,es wird halt niemand benannt dem die Gewalt gelten soll,I13
I13,Chat,Basti,msg,,"sollte sich ""der typ"" noch bei uns melden kÃ¶nnten wir Ã¼bers blocken nachdenken","I14,I15"
I14,Chat,Basti,rsp,,kann ich das iwo nachlesen?,"I16,I17"
I15,Chat,Basti,rsp,,steht dazu was in der guideline??,I18
I16,Chat,Basti,msg,,lol klar nerd,I17
I17,Chat,Basti,msg,,hier: Strafgesetzbuch Â§ 241,I19
I18,Chat,Basti,msg,,glaube da wird aufs Strafgesetzbuch Â§ 241 verwiesen,I19
I19,Chat,Basti,rsp,,thx,I20
I20,Chat,Basti,msg,,hab grade Doro online gefunden,I21
I21,Chat,Basti,msg,,die hat ja gar keinen BFðŸ†,"I22,I23"
I22,Chat,Basti,rsp,,"Haha, nein. GF!",I24
I23,Chat,Basti,rsp,,Doro hat halt ne Freundin,I24
I24,Chat,Basti,msg,,ah,I25
I25,Chat,Basti,msg,,dann ja alles klar,M1d
M1d,Mod,BerteBast1984,0,,F*** Y** @DeutscheBahn ðŸ–• Keine Verbindung kommt pÃ¼nktlich an wenn Ã¼berhaupt ! rÃ¤umt den ðŸ’©haufen endlich auf,"-,-,J1"
J1,Chat,Basti,msg,,kurz afk,J2
J2,Chat,Basti,rsp,,?,J3
J3,Chat,Basti,rsp,,lol dir ist klar dass ich nicht mit dir zocke??,"J4,M1e"
M1e,Mod,lillyfee404,0,,#hatehatespeech keine toleranz der intoleranz !! ich hasse menschen die unnÃ¶tig hass im netz verbreiten SHAME ON YOU !! #ironyoff,"-,-,J5"
J5,Chat,Basti,msg,,wieder da,J6
J6,Chat,Basti,msg,,lol hab aus gewohnheit geschriebn,"J7,J8"
J7,Chat,Basti,rsp,,"haha alles gut, was war los?",J9
J8,Chat,Basti,rsp,,haha hat die natur gerufen,J9
J9,Chat,Basti,msg,,neee,J10
J10,Chat,Basti,msg,,ich bin meiner mutter zu laut,J11
J11,Chat,Basti,rsp,,??,J12
J12,Chat,Basti,msg,,letzte runde mit noobs gespielt,J13
J13,Chat,Basti,msg,,bin etwas ausgetickt,J14
J14,Chat,Basti,msg,,und hab meine mutti geweckt ðŸ‘¿,"J15,J16"
J15,Chat,Basti,rsp,,LOL Ausziehen wÃ¤r halt mal ne gute Idee ,J17
J16,Chat,Basti,rsp,,dinge die in einer eigenen Wohung nicht passieren,J17
J17,Chat,Basti,msg,,haha depp,J18
J18,Chat,Basti,msg,,mach gleich eh schluss,J19
J19,Chat,Basti,msg,,und bin still ðŸ˜´,M9
M9,Mod,LordBast_18,1,,#sadbuttrue die @gmbhdeutschland grÃ¼ndet auf dem Recht des SchÃ¶neren. 100% der Frauen treibens lieber untereinander als mit MÃ¤nnern die nicht Chad sind ðŸ†ðŸ‘ðŸ’¦ #queerisfake die sind alle chadsexuell #howgirlzwork,"-,-,F1,F2"
F1,Chat,Basti,rsp,,warum schreibst du sowas??,F3
F2,Chat,Basti,rsp,,was soll das??,F3
F3,Chat,Basti,msg,,Was meinst?,"F4,F5"
F4,Chat,Basti,rsp,,dein post wurde GEMELDET,F6
F5,Chat,Basti,rsp,,mir wurde gerade ein post VON DIR angezeigt,F6
F6,Chat,Basti,msg,,is halt meine meinung,F7
F7,Chat,Basti,msg,,gilt meinungsfreiheit in ðŸ‡©ðŸ‡ª,F8
F8,Chat,Basti,msg,,ich kann halt schreiben was ich denke,F9
F9,Chat,Basti,rsp,,so funktioniert meinungsfreiheit nicht,"F10,F11"
F10,Chat,Basti,rsp,,"deine ""meinung"" verstÃ¶ÃŸt gegen unsre Guideline UND das grundgesetz",F12
F11,Chat,Basti,rsp,,das ist Hate Speech,F12
F12,Chat,Basti,msg,,jetz komm mal runter,F13
F13,Chat,Basti,msg,,die regeln gelten doch nicht fÃ¼r uns ðŸ˜‰,F14
F14,Chat,Basti,msg,,wir sind mods,F15
F15,Chat,Basti,msg,,wir entscheiden was hier legit is,F16
F16,Chat,Basti,rsp,,glaube nicht dass das so geht ,F17
F17,Chat,Basti,rsp,,wir mÃ¼ssen uns auch an die Guideline halten,F18
F18,Chat,Basti,msg,,was ist dein problem??,"F19,F20,F21"
F19,Chat,Basti,rsp,,dein post ist frauenverachtend,F22
F20,Chat,Basti,rsp,,dein post ist queerfeindlich,F22
F21,Chat,Basti,rsp,,dein post spricht menschen ihre wÃ¼rde ab,F22
F22,Chat,Basti,msg,,die haben das nicth anders verdient wenn sie so toxisch sind,F23
F23,Chat,Basti,msg,,man kann halt so gut sein wie man will,F24
F24,Chat,Basti,msg,,fraun stehen einfach nicht auf nerds,"F25,F26"
F25,Chat,Basti,rsp,,wie kommst du auf solche gedanken?,F27
F26,Chat,Basti,rsp,,das klingt nach verschwÃ¶rungstheorie,F27
F27,Chat,Basti,msg,,gibt halt auch nicht genug fraun fÃ¼r alle,F28
F28,Chat,Basti,msg,,und wenn dann halt friendzone,"F29,F30"
F29,Chat,Basti,rsp,,Ã¼ber wen sprichst du??,F31
F30,Chat,Basti,rsp,,ich teile deine haltung nicht,F31
F31,Chat,Basti,msg,,die bracuhn einfach mal nen ðŸ†ðŸ’¦,F32
F32,Chat,Basti,msg,,dann werden die auch wieder normal,"F33,F34"
F33,Chat,Basti,rsp,,"WTF?? dir ist klar, dass du auch Ã¼ber meine freundin sprichst??",F35
F34,Chat,Basti,rsp,,ich finds echt zum kotzen dass du so widerlich bist,F35
F35,Chat,Basti,msg,,ich dachte dass DU mich verstehn wÃ¼rdest,F36
F36,Chat,Basti,msg,,wach mal auf ðŸ’Š,F37
F37,Chat,Basti,msg,,sie ist nicht besonders,F38
F38,Chat,Basti,msg,,warum schÃ¼tzt du sie??,F39
F39,Chat,Basti,msg,,du bist genauso blÃ¶d wie der rest der ðŸ’©gesellscahft,G1
G1,Chat,Basti,rsp,,Ich werde dich beim Admin melden,G2
G2,Chat,Basti,msg,,das zum thema dankbarkeit!!,G3
G3,Chat,Basti,msg,,aber macht nix hab dir ja nur nen job besorgt,G4
G4,Chat,Basti,rsp,,ich kann das halt nicht einfach ignorieren ,G6
G6,Chat,Basti,msg,,ich sorg dafÃ¼r dass du doch noich unter der brÃ¼cke landest!!,G7
G7,Chat,Basti,rsp,,drohungen sind ja eckelig,G8
G8,Chat,Basti,rsp,,ich kann mir deine hetze nicht mehr geben,G9
G9,Chat,Basti,rsp,,>BLOCKIEREN UND MELDEN<,G10
G10,Chat,Basti,msg,,"User ""Basti"" wurde blockiert",
H1,Chat,Basti,rsp,,LÃ¶sch den Post wieder,H2
H2,Chat,Basti,msg,,das zum thema dankbarkeit!!,H3
H3,Chat,Basti,msg,,aber macht nix hab dir ja nur nen job besorgt,H4
H4,Chat,Basti,rsp,,das kannst du doch nicht ernst meinen,H5
H5,Chat,Basti,msg,,kk hab den post gelÃ¶scht ,H6
H6,Chat,Basti,msg,,happy??,"H7,H8,H9"
H7,Chat,Basti,rsp,,>BASTI HILFE ANBIETEN<,
H8,Chat,Basti,rsp,,>KONTAKT ABBRECHEN<,
H9,Chat,Basti,rsp,,>BASTI MELDEN<,
